[ 
  {"name": "Afghanistan", "code": "AF", "icon": "http://localhost:8080/autocompletar/assets/img/1.png"},  
  {"name": "Albania", "code": "AL", "icon": "http://localhost:8080/autocompletar/assets/img/2.png"},  
  {"name": "Algeria", "code": "DZ", "icon": "http://localhost:8080/autocompletar/assets/img/1.png"},  
  {"name": "Alemania", "code": "Ale", "icon": "http://localhost:8080/autocompletar/assets/img/1.png"},  
  {"name": "American Samoa", "code": "AS", "icon": "http://localhost:8080/autocompletar/assets/img/1.png"},  
  {"name": "AndorrA", "code": "AD", "icon": "http://localhost:8080/autocompletar/assets/img/1.png"},  
  {"name": "Angola", "code": "AO", "icon": "http://localhost:8080/autocompletar/assets/img/1.png"},  
  {"name": "Anguilla", "code": "AI", "icon": "http://localhost:8080/autocompletar/assets/img/1.png"},  
  {"name": "Antigua and Barbuda", "code": "AG", "icon": "http://localhost:8080/autocompletar/assets/img/1.png"},  
  {"name": "Argentina", "code": "AR", "icon": "http://localhost:8080/autocompletar/assets/img/1.png"},  
  {"name": "Armenia", "code": "AM", "icon": "http://localhost:8080/autocompletar/assets/img/1.png"},  
  {"name": "Aruba", "code": "AW", "icon": "http://localhost:8080/autocompletar/assets/img/1.png"},  
  {"name": "Australia", "code": "AU", "icon": "http://localhost:8080/autocompletar/assets/img/1.png"},  
  {"name": "Austria", "code": "AT", "icon": "http://localhost:8080/autocompletar/assets/img/1.png"},  
  {"name": "Azerbaijan", "code": "AZ", "icon": "http://localhost:8080/autocompletar/assets/img/1.png"},  
  {"name": "Bahamas", "code": "BS", "icon": "http://localhost:8080/autocompletar/assets/img/1.png"},  
  {"name": "Bahrain", "code": "BH", "icon": "http://localhost:8080/autocompletar/assets/img/1.png"},  
  {"name": "Bangladesh", "code": "BD", "icon": "http://localhost:8080/autocompletar/assets/img/1.png"},  
  {"name": "Barbados", "code": "BB", "icon": "http://localhost:8080/autocompletar/assets/img/1.png"},  
  {"name": "Belarus", "code": "BY", "icon": "http://localhost:8080/autocompletar/assets/img/1.png"},  
  {"name": "Belgium", "code": "BE", "icon": "http://localhost:8080/autocompletar/assets/img/1.png"},  
  {"name": "Belize", "code": "BZ", "icon": "http://localhost:8080/autocompletar/assets/img/1.png"},  
  {"name": "Benin", "code": "BJ", "icon": "http://localhost:8080/autocompletar/assets/img/1.png"},  
  {"name": "Bermuda", "code": "BM", "icon": "http://localhost:8080/autocompletar/assets/img/1.png"},  
  {"name": "Bhutan", "code": "BT", "icon": "http://localhost:8080/autocompletar/assets/img/1.png"},  
  {"name": "Bolivia", "code": "BO", "icon": "http://localhost:8080/autocompletar/assets/img/1.png"},  
  {"name": "Bosnia and Herzegovina", "code": "BA", "icon": "http://localhost:8080/autocompletar/assets/img/1.png"},  
  {"name": "Botswana", "code": "BW", "icon": "http://localhost:8080/autocompletar/assets/img/1.png"},  
  {"name": "Bouvet Island", "code": "BV", "icon": "http://localhost:8080/autocompletar/assets/img/1.png"},  
  {"name": "Brazil", "code": "BR", "icon": "http://localhost:8080/autocompletar/assets/img/1.png"},  
  {"name": "British Indian Ocean Territory", "code": "IO", "icon": "http://localhost:8080/autocompletar/assets/img/1.png"},  
  {"name": "Brunei Darussalam", "code": "BN", "icon": "http://localhost:8080/autocompletar/assets/img/1.png"},  
  {"name": "Bulgaria", "code": "BG", "icon": "http://localhost:8080/autocompletar/assets/img/1.png"},  
  {"name": "Burkina Faso", "code": "BF", "icon": "http://localhost:8080/autocompletar/assets/img/1.png"},  
  {"name": "Burundi", "code": "BI", "icon": "http://localhost:8080/autocompletar/assets/img/1.png"},  
  {"name": "Cambodia", "code": "KH", "icon": "http://localhost:8080/autocompletar/assets/img/1.png"},  
  {"name": "Cameroon", "code": "CM", "icon": "http://localhost:8080/autocompletar/assets/img/1.png"},  
  {"name": "Canada", "code": "CA", "icon": "http://localhost:8080/autocompletar/assets/img/1.png"},  
  {"name": "Cape Verde", "code": "CV", "icon": "http://localhost:8080/autocompletar/assets/img/1.png"},  
  {"name": "Cayman Islands", "code": "KY", "icon": "http://localhost:8080/autocompletar/assets/img/1.png"},  
  {"name": "Central African Republic", "code": "CF", "icon": "http://localhost:8080/autocompletar/assets/img/1.png"},  
  {"name": "Chad", "code": "TD", "icon": "http://localhost:8080/autocompletar/assets/img/1.png"},  
  {"name": "Chile", "code": "CL", "icon": "http://localhost:8080/autocompletar/assets/img/1.png"},  
  {"name": "China", "code": "CN", "icon": "http://localhost:8080/autocompletar/assets/img/1.png"},  
  {"name": "Christmas Island", "code": "CX", "icon": "http://localhost:8080/autocompletar/assets/img/1.png"},  
  {"name": "Cocos (Keeling) Islands", "code": "CC", "icon": "http://localhost:8080/autocompletar/assets/img/1.png"},  
  {"name": "Colombia", "code": "CO", "icon": "http://localhost:8080/autocompletar/assets/img/1.png"},  
  {"name": "Comoros", "code": "KM", "icon": "http://localhost:8080/autocompletar/assets/img/1.png"},  
  {"name": "Congo", "code": "CG", "icon": "http://localhost:8080/autocompletar/assets/img/1.png"},  
  {"name": "Congo, The Democratic Republic of the", "code": "CD", "icon": "http://localhost:8080/autocompletar/assets/img/1.png"},  
  {"name": "Cook Islands", "code": "CK", "icon": "http://localhost:8080/autocompletar/assets/img/1.png"},  
  {"name": "Costa Rica", "code": "CR", "icon": "http://localhost:8080/autocompletar/assets/img/1.png"},  
  {"name": "Cote D\"Ivoire", "code": "CI", "icon": "http://localhost:8080/autocompletar/assets/img/1.png"},  
  {"name": "Croatia", "code": "HR", "icon": "http://localhost:8080/autocompletar/assets/img/1.png"},  
  {"name": "Cuba", "code": "CU", "icon": "http://localhost:8080/autocompletar/assets/img/1.png"},  
  {"name": "Cyprus", "code": "CY", "icon": "http://localhost:8080/autocompletar/assets/img/1.png"},  
  {"name": "Czech Republic", "code": "CZ", "icon": "http://localhost:8080/autocompletar/assets/img/1.png"},  
  {"name": "Denmark", "code": "DK", "icon": "http://localhost:8080/autocompletar/assets/img/1.png"},  
  {"name": "Djibouti", "code": "DJ", "icon": "http://localhost:8080/autocompletar/assets/img/1.png"},  
  {"name": "Dominica", "code": "DM", "icon": "http://localhost:8080/autocompletar/assets/img/1.png"},  
  {"name": "Dominican Republic", "code": "DO", "icon": "http://localhost:8080/autocompletar/assets/img/1.png"},  
  {"name": "Ecuador", "code": "EC", "icon": "http://localhost:8080/autocompletar/assets/img/1.png"},  
  {"name": "Egypt", "code": "EG", "icon": "http://localhost:8080/autocompletar/assets/img/1.png"},  
  {"name": "El Salvador", "code": "SV", "icon": "http://localhost:8080/autocompletar/assets/img/1.png"},  
  {"name": "Equatorial Guinea", "code": "GQ", "icon": "http://localhost:8080/autocompletar/assets/img/1.png"},  
  {"name": "Eritrea", "code": "ER", "icon": "http://localhost:8080/autocompletar/assets/img/1.png"},  
  {"name": "Estonia", "code": "EE", "icon": "http://localhost:8080/autocompletar/assets/img/1.png"},  
  {"name": "Ethiopia", "code": "ET", "icon": "http://localhost:8080/autocompletar/assets/img/1.png"},  
  {"name": "Falkland Islands (Malvinas)", "code": "FK", "icon": "http://localhost:8080/autocompletar/assets/img/1.png"},  
  {"name": "Faroe Islands", "code": "FO", "icon": "http://localhost:8080/autocompletar/assets/img/1.png"},  
  {"name": "Fiji", "code": "FJ", "icon": "http://localhost:8080/autocompletar/assets/img/1.png"},  
  {"name": "Finland", "code": "FI", "icon": "http://localhost:8080/autocompletar/assets/img/1.png"},  
  {"name": "France", "code": "FR", "icon": "http://localhost:8080/autocompletar/assets/img/1.png"},  
  {"name": "French Guiana", "code": "GF", "icon": "http://localhost:8080/autocompletar/assets/img/1.png"},  
  {"name": "French Polynesia", "code": "PF", "icon": "http://localhost:8080/autocompletar/assets/img/1.png"},  
  {"name": "French Southern Territories", "code": "TF", "icon": "http://localhost:8080/autocompletar/assets/img/1.png"},  
  {"name": "Gabon", "code": "GA", "icon": "http://localhost:8080/autocompletar/assets/img/1.png"},  
  {"name": "Gambia", "code": "GM", "icon": "http://localhost:8080/autocompletar/assets/img/1.png"},  
  {"name": "Georgia", "code": "GE", "icon": "http://localhost:8080/autocompletar/assets/img/1.png"},  
  {"name": "Germany", "code": "DE", "icon": "http://localhost:8080/autocompletar/assets/img/1.png"},  
  {"name": "Ghana", "code": "GH", "icon": "http://localhost:8080/autocompletar/assets/img/1.png"},  
  {"name": "Gibraltar", "code": "GI", "icon": "http://localhost:8080/autocompletar/assets/img/1.png"},  
  {"name": "Greece", "code": "GR", "icon": "http://localhost:8080/autocompletar/assets/img/1.png"},  
  {"name": "Greenland", "code": "GL", "icon": "http://localhost:8080/autocompletar/assets/img/1.png"},  
  {"name": "Grenada", "code": "GD", "icon": "http://localhost:8080/autocompletar/assets/img/1.png"},  
  {"name": "Guadeloupe", "code": "GP", "icon": "http://localhost:8080/autocompletar/assets/img/1.png"},  
  {"name": "Guam", "code": "GU", "icon": "http://localhost:8080/autocompletar/assets/img/1.png"},  
  {"name": "Guatemala", "code": "GT", "icon": "http://localhost:8080/autocompletar/assets/img/1.png"},  
  {"name": "Guernsey", "code": "GG", "icon": "http://localhost:8080/autocompletar/assets/img/1.png"},  
  {"name": "Guinea", "code": "GN", "icon": "http://localhost:8080/autocompletar/assets/img/1.png"},  
  {"name": "Guinea-Bissau", "code": "GW", "icon": "http://localhost:8080/autocompletar/assets/img/1.png"},  
  {"name": "Guyana", "code": "GY", "icon": "http://localhost:8080/autocompletar/assets/img/1.png"},  
  {"name": "Haiti", "code": "HT", "icon": "http://localhost:8080/autocompletar/assets/img/1.png"},  
  {"name": "Heard Island and Mcdonald Islands", "code": "HM", "icon": "http://localhost:8080/autocompletar/assets/img/1.png"},  
  {"name": "Holy See (Vatican City State)", "code": "VA", "icon": "http://localhost:8080/autocompletar/assets/img/1.png"},  
  {"name": "Honduras", "code": "HN", "icon": "http://localhost:8080/autocompletar/assets/img/1.png"},  
  {"name": "Hong Kong", "code": "HK", "icon": "http://localhost:8080/autocompletar/assets/img/1.png"},  
  {"name": "Hungary", "code": "HU", "icon": "http://localhost:8080/autocompletar/assets/img/1.png"},  
  {"name": "Iceland", "code": "IS", "icon": "http://localhost:8080/autocompletar/assets/img/1.png"},  
  {"name": "India", "code": "IN", "icon": "http://localhost:8080/autocompletar/assets/img/1.png"},  
  {"name": "Indonesia", "code": "ID", "icon": "http://localhost:8080/autocompletar/assets/img/1.png"},  
  {"name": "Iran, Islamic Republic Of", "code": "IR", "icon": "http://localhost:8080/autocompletar/assets/img/1.png"},  
  {"name": "Iraq", "code": "IQ", "icon": "http://localhost:8080/autocompletar/assets/img/1.png"},  
  {"name": "Ireland", "code": "IE", "icon": "http://localhost:8080/autocompletar/assets/img/1.png"},  
  {"name": "Isle of Man", "code": "IM", "icon": "http://localhost:8080/autocompletar/assets/img/1.png"},  
  {"name": "Israel", "code": "IL", "icon": "http://localhost:8080/autocompletar/assets/img/1.png"},  
  {"name": "Italy", "code": "IT", "icon": "http://localhost:8080/autocompletar/assets/img/1.png"},  
  {"name": "Jamaica", "code": "JM", "icon": "http://localhost:8080/autocompletar/assets/img/1.png"},  
  {"name": "Japan", "code": "JP", "icon": "http://localhost:8080/autocompletar/assets/img/1.png"},  
  {"name": "Jersey", "code": "JE", "icon": "http://localhost:8080/autocompletar/assets/img/1.png"},  
  {"name": "Jordan", "code": "JO", "icon": "http://localhost:8080/autocompletar/assets/img/1.png"},  
  {"name": "Kazakhstan", "code": "KZ", "icon": "http://localhost:8080/autocompletar/assets/img/1.png"},  
  {"name": "Kenya", "code": "KE", "icon": "http://localhost:8080/autocompletar/assets/img/1.png"},  
  {"name": "Kiribati", "code": "KI", "icon": "http://localhost:8080/autocompletar/assets/img/1.png"},  
  {"name": "Korea, Democratic People\"S Republic of", "code": "KP", "icon": "http://localhost:8080/autocompletar/assets/img/1.png"},  
  {"name": "Korea, Republic of", "code": "KR", "icon": "http://localhost:8080/autocompletar/assets/img/1.png"},  
  {"name": "Kuwait", "code": "KW", "icon": "http://localhost:8080/autocompletar/assets/img/1.png"},  
  {"name": "Kyrgyzstan", "code": "KG", "icon": "http://localhost:8080/autocompletar/assets/img/1.png"},  
  {"name": "Lao People\"S Democratic Republic", "code": "LA", "icon": "http://localhost:8080/autocompletar/assets/img/1.png"},  
  {"name": "Latvia", "code": "LV", "icon": "http://localhost:8080/autocompletar/assets/img/1.png"},  
  {"name": "Lebanon", "code": "LB", "icon": "http://localhost:8080/autocompletar/assets/img/1.png"},  
  {"name": "Lesotho", "code": "LS", "icon": "http://localhost:8080/autocompletar/assets/img/1.png"},  
  {"name": "Liberia", "code": "LR", "icon": "http://localhost:8080/autocompletar/assets/img/1.png"},  
  {"name": "Libyan Arab Jamahiriya", "code": "LY", "icon": "http://localhost:8080/autocompletar/assets/img/1.png"},  
  {"name": "Liechtenstein", "code": "LI", "icon": "http://localhost:8080/autocompletar/assets/img/1.png"},  
  {"name": "Lithuania", "code": "LT", "icon": "http://localhost:8080/autocompletar/assets/img/1.png"},  
  {"name": "Luxembourg", "code": "LU", "icon": "http://localhost:8080/autocompletar/assets/img/1.png"},  
  {"name": "Macao", "code": "MO", "icon": "http://localhost:8080/autocompletar/assets/img/1.png"},  
  {"name": "Macedonia, The Former Yugoslav Republic of", "code": "MK", "icon": "http://localhost:8080/autocompletar/assets/img/1.png"},  
  {"name": "Madagascar", "code": "MG", "icon": "http://localhost:8080/autocompletar/assets/img/1.png"},  
  {"name": "Malawi", "code": "MW", "icon": "http://localhost:8080/autocompletar/assets/img/1.png"},  
  {"name": "Malaysia", "code": "MY", "icon": "http://localhost:8080/autocompletar/assets/img/1.png"},  
  {"name": "Maldives", "code": "MV", "icon": "http://localhost:8080/autocompletar/assets/img/1.png"},  
  {"name": "Mali", "code": "ML", "icon": "http://localhost:8080/autocompletar/assets/img/1.png"},  
  {"name": "Malta", "code": "MT", "icon": "http://localhost:8080/autocompletar/assets/img/1.png"},  
  {"name": "Marshall Islands", "code": "MH", "icon": "http://localhost:8080/autocompletar/assets/img/1.png"},  
  {"name": "Martinique", "code": "MQ", "icon": "http://localhost:8080/autocompletar/assets/img/1.png"},  
  {"name": "Mauritania", "code": "MR", "icon": "http://localhost:8080/autocompletar/assets/img/1.png"},  
  {"name": "Mauritius", "code": "MU", "icon": "http://localhost:8080/autocompletar/assets/img/1.png"},  
  {"name": "Mayotte", "code": "YT", "icon": "http://localhost:8080/autocompletar/assets/img/1.png"},  
  {"name": "Mexico", "code": "MX", "icon": "http://localhost:8080/autocompletar/assets/img/1.png"},  
  {"name": "Micronesia, Federated States of", "code": "FM", "icon": "http://localhost:8080/autocompletar/assets/img/1.png"},  
  {"name": "Moldova, Republic of", "code": "MD", "icon": "http://localhost:8080/autocompletar/assets/img/1.png"},  
  {"name": "Monaco", "code": "MC", "icon": "http://localhost:8080/autocompletar/assets/img/1.png"},  
  {"name": "Mongolia", "code": "MN", "icon": "http://localhost:8080/autocompletar/assets/img/1.png"},  
  {"name": "Montserrat", "code": "MS", "icon": "http://localhost:8080/autocompletar/assets/img/1.png"},  
  {"name": "Morocco", "code": "MA", "icon": "http://localhost:8080/autocompletar/assets/img/1.png"},  
  {"name": "Mozambique", "code": "MZ", "icon": "http://localhost:8080/autocompletar/assets/img/1.png"},  
  {"name": "Myanmar", "code": "MM", "icon": "http://localhost:8080/autocompletar/assets/img/1.png"},  
  {"name": "Namibia", "code": "NA", "icon": "http://localhost:8080/autocompletar/assets/img/1.png"},  
  {"name": "Nauru", "code": "NR", "icon": "http://localhost:8080/autocompletar/assets/img/1.png"},  
  {"name": "Nepal", "code": "NP", "icon": "http://localhost:8080/autocompletar/assets/img/1.png"},  
  {"name": "Netherlands", "code": "NL", "icon": "http://localhost:8080/autocompletar/assets/img/1.png"},  
  {"name": "Netherlands Antilles", "code": "AN", "icon": "http://localhost:8080/autocompletar/assets/img/1.png"},  
  {"name": "New Caledonia", "code": "NC", "icon": "http://localhost:8080/autocompletar/assets/img/1.png"},  
  {"name": "New Zealand", "code": "NZ", "icon": "http://localhost:8080/autocompletar/assets/img/1.png"},  
  {"name": "Nicaragua", "code": "NI", "icon": "http://localhost:8080/autocompletar/assets/img/1.png"},  
  {"name": "Niger", "code": "NE", "icon": "http://localhost:8080/autocompletar/assets/img/1.png"},  
  {"name": "Nigeria", "code": "NG", "icon": "http://localhost:8080/autocompletar/assets/img/1.png"},  
  {"name": "Niue", "code": "NU", "icon": "http://localhost:8080/autocompletar/assets/img/1.png"},  
  {"name": "Norfolk Island", "code": "NF", "icon": "http://localhost:8080/autocompletar/assets/img/1.png"},  
  {"name": "Northern Mariana Islands", "code": "MP", "icon": "http://localhost:8080/autocompletar/assets/img/1.png"},  
  {"name": "Norway", "code": "NO", "icon": "http://localhost:8080/autocompletar/assets/img/1.png"},  
  {"name": "Oman", "code": "OM", "icon": "http://localhost:8080/autocompletar/assets/img/1.png"},  
  {"name": "Pakistan", "code": "PK", "icon": "http://localhost:8080/autocompletar/assets/img/1.png"},  
  {"name": "Palau", "code": "PW", "icon": "http://localhost:8080/autocompletar/assets/img/1.png"},  
  {"name": "Palestinian Territory, Occupied", "code": "PS", "icon": "http://localhost:8080/autocompletar/assets/img/1.png"},  
  {"name": "Panama", "code": "PA", "icon": "http://localhost:8080/autocompletar/assets/img/1.png"},  
  {"name": "Papua New Guinea", "code": "PG", "icon": "http://localhost:8080/autocompletar/assets/img/1.png"},  
  {"name": "Paraguay", "code": "PY", "icon": "http://localhost:8080/autocompletar/assets/img/1.png"},  
  {"name": "Peru", "code": "PE", "icon": "http://localhost:8080/autocompletar/assets/img/1.png"},  
  {"name": "Philippines", "code": "PH", "icon": "http://localhost:8080/autocompletar/assets/img/1.png"},  
  {"name": "Pitcairn", "code": "PN", "icon": "http://localhost:8080/autocompletar/assets/img/1.png"},  
  {"name": "Poland", "code": "PL", "icon": "http://localhost:8080/autocompletar/assets/img/1.png"},  
  {"name": "Portugal", "code": "PT", "icon": "http://localhost:8080/autocompletar/assets/img/1.png"},  
  {"name": "Puerto Rico", "code": "PR", "icon": "http://localhost:8080/autocompletar/assets/img/1.png"},  
  {"name": "Qatar", "code": "QA", "icon": "http://localhost:8080/autocompletar/assets/img/1.png"},  
  {"name": "Reunion", "code": "RE", "icon": "http://localhost:8080/autocompletar/assets/img/1.png"},  
  {"name": "Romania", "code": "RO", "icon": "http://localhost:8080/autocompletar/assets/img/1.png"},  
  {"name": "Russian Federation", "code": "RU", "icon": "http://localhost:8080/autocompletar/assets/img/1.png"},  
  {"name": "RWANDA", "code": "RW", "icon": "http://localhost:8080/autocompletar/assets/img/1.png"},  
  {"name": "Saint Helena", "code": "SH", "icon": "http://localhost:8080/autocompletar/assets/img/1.png"},  
  {"name": "Saint Kitts and Nevis", "code": "KN", "icon": "http://localhost:8080/autocompletar/assets/img/1.png"},  
  {"name": "Saint Lucia", "code": "LC", "icon": "http://localhost:8080/autocompletar/assets/img/1.png"},  
  {"name": "Saint Pierre and Miquelon", "code": "PM", "icon": "http://localhost:8080/autocompletar/assets/img/1.png"},  
  {"name": "Saint Vincent and the Grenadines", "code": "VC", "icon": "http://localhost:8080/autocompletar/assets/img/1.png"},  
  {"name": "Samoa", "code": "WS", "icon": "http://localhost:8080/autocompletar/assets/img/1.png"},  
  {"name": "San Marino", "code": "SM", "icon": "http://localhost:8080/autocompletar/assets/img/1.png"},  
  {"name": "Sao Tome and Principe", "code": "ST", "icon": "http://localhost:8080/autocompletar/assets/img/1.png"},  
  {"name": "Saudi Arabia", "code": "SA", "icon": "http://localhost:8080/autocompletar/assets/img/1.png"},  
  {"name": "Senegal", "code": "SN", "icon": "http://localhost:8080/autocompletar/assets/img/1.png"},  
  {"name": "Serbia and Montenegro", "code": "CS", "icon": "http://localhost:8080/autocompletar/assets/img/1.png"},  
  {"name": "Seychelles", "code": "SC", "icon": "http://localhost:8080/autocompletar/assets/img/1.png"},  
  {"name": "Sierra Leone", "code": "SL", "icon": "http://localhost:8080/autocompletar/assets/img/1.png"},  
  {"name": "Singapore", "code": "SG", "icon": "http://localhost:8080/autocompletar/assets/img/1.png"},  
  {"name": "Slovakia", "code": "SK", "icon": "http://localhost:8080/autocompletar/assets/img/1.png"},  
  {"name": "Slovenia", "code": "SI", "icon": "http://localhost:8080/autocompletar/assets/img/1.png"},  
  {"name": "Solomon Islands", "code": "SB", "icon": "http://localhost:8080/autocompletar/assets/img/1.png"},  
  {"name": "Somalia", "code": "SO", "icon": "http://localhost:8080/autocompletar/assets/img/1.png"},  
  {"name": "South Africa", "code": "ZA", "icon": "http://localhost:8080/autocompletar/assets/img/1.png"},  
  {"name": "South Georgia and the South Sandwich Islands", "code": "GS", "icon": "http://localhost:8080/autocompletar/assets/img/1.png"},  
  {"name": "Spain", "code": "ES", "icon": "http://localhost:8080/autocompletar/assets/img/1.png"},  
  {"name": "Sri Lanka", "code": "LK", "icon": "http://localhost:8080/autocompletar/assets/img/1.png"},  
  {"name": "Sudan", "code": "SD", "icon": "http://localhost:8080/autocompletar/assets/img/1.png"},  
  {"name": "Suri", "code": "SR", "icon": "http://localhost:8080/autocompletar/assets/img/1.png"},  
  {"name": "Svalbard and Jan Mayen", "code": "SJ", "icon": "http://localhost:8080/autocompletar/assets/img/1.png"},  
  {"name": "Swaziland", "code": "SZ", "icon": "http://localhost:8080/autocompletar/assets/img/1.png"},  
  {"name": "Sweden", "code": "SE", "icon": "http://localhost:8080/autocompletar/assets/img/1.png"},  
  {"name": "Switzerland", "code": "CH", "icon": "http://localhost:8080/autocompletar/assets/img/1.png"},  
  {"name": "Syrian Arab Republic", "code": "SY", "icon": "http://localhost:8080/autocompletar/assets/img/1.png"},  
  {"name": "Taiwan, Province of China", "code": "TW", "icon": "http://localhost:8080/autocompletar/assets/img/1.png"},  
  {"name": "Tajikistan", "code": "TJ", "icon": "http://localhost:8080/autocompletar/assets/img/1.png"},  
  {"name": "Tanzania, United Republic of", "code": "TZ", "icon": "http://localhost:8080/autocompletar/assets/img/1.png"},  
  {"name": "Thailand", "code": "TH", "icon": "http://localhost:8080/autocompletar/assets/img/1.png"},  
  {"name": "Timor-Leste", "code": "TL", "icon": "http://localhost:8080/autocompletar/assets/img/1.png"},  
  {"name": "Togo", "code": "TG", "icon": "http://localhost:8080/autocompletar/assets/img/1.png"},  
  {"name": "Tokelau", "code": "TK", "icon": "http://localhost:8080/autocompletar/assets/img/1.png"},  
  {"name": "Tonga", "code": "TO", "icon": "http://localhost:8080/autocompletar/assets/img/1.png"},  
  {"name": "Trinidad and Tobago", "code": "TT", "icon": "http://localhost:8080/autocompletar/assets/img/1.png"},  
  {"name": "Tunisia", "code": "TN", "icon": "http://localhost:8080/autocompletar/assets/img/1.png"},  
  {"name": "Turkey", "code": "TR", "icon": "http://localhost:8080/autocompletar/assets/img/1.png"},  
  {"name": "Turkmenistan", "code": "TM", "icon": "http://localhost:8080/autocompletar/assets/img/1.png"},  
  {"name": "Turks and Caicos Islands", "code": "TC", "icon": "http://localhost:8080/autocompletar/assets/img/1.png"},  
  {"name": "Tuvalu", "code": "TV", "icon": "http://localhost:8080/autocompletar/assets/img/1.png"},  
  {"name": "Uganda", "code": "UG", "icon": "http://localhost:8080/autocompletar/assets/img/1.png"},  
  {"name": "Ukraine", "code": "UA", "icon": "http://localhost:8080/autocompletar/assets/img/1.png"},  
  {"name": "United Arab Emirates", "code": "AE", "icon": "http://localhost:8080/autocompletar/assets/img/1.png"},  
  {"name": "United Kingdom", "code": "GB", "icon": "http://localhost:8080/autocompletar/assets/img/1.png"},  
  {"name": "United States", "code": "US", "icon": "http://localhost:8080/autocompletar/assets/img/1.png"},  
  {"name": "United States Minor Outlying Islands", "code": "UM", "icon": "http://localhost:8080/autocompletar/assets/img/1.png"},  
  {"name": "Uruguay", "code": "UY", "icon": "http://localhost:8080/autocompletar/assets/img/1.png"},  
  {"name": "Uzbekistan", "code": "UZ", "icon": "http://localhost:8080/autocompletar/assets/img/1.png"},  
  {"name": "Vanuatu", "code": "VU", "icon": "http://localhost:8080/autocompletar/assets/img/1.png"},  
  {"name": "Venezuela", "code": "VE", "icon": "http://localhost:8080/autocompletar/assets/img/1.png"},  
  {"name": "Viet Nam", "code": "VN", "icon": "http://localhost:8080/autocompletar/assets/img/1.png"},  
  {"name": "Virgin Islands, British", "code": "VG", "icon": "http://localhost:8080/autocompletar/assets/img/1.png"},  
  {"name": "Virgin Islands, U.S.", "code": "VI", "icon": "http://localhost:8080/autocompletar/assets/img/1.png"},  
  {"name": "Wallis and Futuna", "code": "WF", "icon": "http://localhost:8080/autocompletar/assets/img/1.png"},  
  {"name": "Western Sahara", "code": "EH", "icon": "http://localhost:8080/autocompletar/assets/img/1.png"},  
  {"name": "Yemen", "code": "YE", "icon": "http://localhost:8080/autocompletar/assets/img/1.png"},  
  {"name": "Zambia", "code": "ZM", "icon": "http://localhost:8080/autocompletar/assets/img/1.png"},  
  {"name": "Zimbabwe", "code": "ZW"} 
]